{
  "custom": {},
  "params": {},
  "props": {
    "defaultSize": {
      "height": 240,
      "width": 256
    }
  },
  "root": {
    "children": [
      {
        "meta": {
          "name": "MenuTree"
        },
        "position": {
          "basis": "100%",
          "shrink": 0
        },
        "props": {
          "itemStyle": {
            "classes": "framework/sidebar-items"
          },
          "items": [
            {
              "enabled": true,
              "items": [],
              "label": {
                "icon": {
                  "path": "sample-components/container-breakPoint"
                },
                "text": "Breakpoint"
              },
              "navIcon": {
                "path": ""
              },
              "showHeader": true,
              "style": {
                "classes": ""
              },
              "target": "/components/containers/breakpoint",
              "visible": true
            },
            {
              "enabled": true,
              "items": [],
              "label": {
                "icon": {
                  "path": "sample-components/container-column"
                },
                "text": "Column"
              },
              "navIcon": {
                "path": ""
              },
              "showHeader": true,
              "style": {
                "classes": ""
              },
              "target": "/components/containers/column",
              "visible": true
            },
            {
              "enabled": true,
              "items": [],
              "label": {
                "icon": {
                  "path": "sample-components/container-coordinate"
                },
                "text": "Coordinate"
              },
              "navIcon": {
                "path": ""
              },
              "showHeader": true,
              "style": {
                "classes": ""
              },
              "target": "/components/containers/coordinate",
              "visible": true
            },
            {
              "enabled": true,
              "items": [],
              "label": {
                "icon": {
                  "path": "sample-components/container-flex"
                },
                "text": "Flex"
              },
              "navIcon": {
                "path": ""
              },
              "showHeader": true,
              "style": {
                "classes": ""
              },
              "target": "/components/containers/flex",
              "visible": true
            },
            {
              "enabled": true,
              "items": [],
              "label": {
                "icon": {
                  "path": "sample-components/container-tab"
                },
                "text": "Tab"
              },
              "navIcon": {
                "path": ""
              },
              "showHeader": true,
              "style": {
                "classes": ""
              },
              "target": "/components/containers/tab",
              "visible": true
            }
          ]
        },
        "type": "ia.navigation.menutree"
      }
    ],
    "meta": {
      "name": "root"
    },
    "type": "ia.container.flex"
  }
}